[
  {
    "id": "140887845793932@lid",
    "nombre": "Anthony",
    "nivel": 2,
    "xp": 1959,
    "rxp": 1000,
    "dinero": 2,
    "rep": 0
  },
  {
    "id": "216892056846376@lid",
    "nombre": "Eric 💫",
    "nivel": 1,
    "xp": 29,
    "rxp": 0,
    "dinero": 71,
    "rep": 0
  },
  {
    "id": "197250886193181@lid",
    "nombre": "Johan Ricaldi",
    "nivel": 1,
    "xp": 536,
    "rxp": 0,
    "dinero": 113,
    "rep": 0
  },
  {
    "id": "170089563308046@lid",
    "nombre": "Jhoanna Guarguani 🐇🪵",
    "nivel": 1,
    "xp": 255,
    "rxp": 0,
    "dinero": 261,
    "rep": 0
  },
  {
    "id": "13757367509181@lid",
    "nombre": "Marcos",
    "nivel": 1,
    "xp": 95,
    "rxp": 0,
    "dinero": 178,
    "rep": 0
  },
  {
    "id": "222595303657616@lid",
    "nombre": "DaniKL",
    "nivel": 1,
    "xp": 609,
    "rxp": 0,
    "dinero": 27,
    "rep": 0
  },
  {
    "id": "149228739383407@lid",
    "nombre": "Isidur",
    "nivel": 1,
    "xp": 1,
    "rxp": 0,
    "dinero": 50,
    "rep": 0
  },
  {
    "id": "251238725771266@lid",
    "nombre": "Melquiades A Velázquez G",
    "nivel": 1,
    "xp": 894,
    "rxp": 0,
    "dinero": 424,
    "rep": 0
  },
  {
    "id": "70398943227983@lid",
    "nombre": "Anyway",
    "nivel": 1,
    "xp": 708,
    "rxp": 0,
    "dinero": 321,
    "rep": 0
  },
  {
    "id": "271837623787713@lid",
    "nombre": "V_sit🌐",
    "nivel": 2,
    "xp": 1289,
    "rxp": 1000,
    "dinero": 758,
    "rep": 0
  },
  {
    "id": "26749593243825@lid",
    "nombre": "Workout💟",
    "nivel": 2,
    "xp": 1251,
    "rxp": 1000,
    "dinero": 788,
    "rep": 0
  },
  {
    "id": "125151119159368@lid",
    "nombre": "SION",
    "nivel": 1,
    "xp": 7,
    "rxp": 0,
    "dinero": 39,
    "rep": 0
  },
  {
    "id": "254549877104654@lid",
    "nombre": "Yurian⚽",
    "nivel": 1,
    "xp": 1,
    "rxp": 0,
    "dinero": 45,
    "rep": 0
  },
  {
    "id": "52472034910389@lid",
    "nombre": "Reapers😎😎",
    "nivel": 1,
    "xp": 418,
    "rxp": 0,
    "dinero": 144,
    "rep": 0
  },
  {
    "id": "187248041578728@lid",
    "nombre": "Alexis",
    "nivel": 1,
    "xp": 26,
    "rxp": 0,
    "dinero": 86,
    "rep": 0
  },
  {
    "id": "31516688138304@lid",
    "nombre": "𝓛𝓪𝓾𝓽𝓪𝓻𝓸 🔱👾",
    "nivel": 1,
    "xp": 7,
    "rxp": 0,
    "dinero": 51,
    "rep": 0
  },
  {
    "id": "78358087991550@lid",
    "nombre": "HIKI",
    "nivel": 1,
    "xp": 4,
    "rxp": 0,
    "dinero": 53,
    "rep": 0
  },
  {
    "id": "111897235984486@lid",
    "nombre": "J",
    "nivel": 1,
    "xp": 78,
    "rxp": 0,
    "dinero": 56,
    "rep": 0
  },
  {
    "id": "212601283805196@lid",
    "nombre": "LARS",
    "nivel": 1,
    "xp": 282,
    "rxp": 0,
    "dinero": 99,
    "rep": 0
  },
  {
    "id": "67401458708504@lid",
    "nombre": "Kaiser D",
    "nivel": 1,
    "xp": 485,
    "rxp": 0,
    "dinero": 161,
    "rep": 0
  },
  {
    "id": "5353132983@s.whatsapp.net",
    "nombre": "i",
    "nivel": 1,
    "xp": 1,
    "rxp": 0,
    "dinero": 50,
    "rep": 0
  },
  {
    "id": "58690761654357@lid",
    "nombre": "Tommy",
    "nivel": 1,
    "xp": 496,
    "rxp": 0,
    "dinero": 271,
    "rep": 0
  },
  {
    "id": "122715872719055@lid",
    "nombre": "DS",
    "nivel": 1,
    "xp": 117,
    "rxp": 0,
    "dinero": 117,
    "rep": 0
  },
  {
    "id": "119520987484388@lid",
    "nombre": "Partemesa",
    "nivel": 1,
    "xp": 241,
    "rxp": 0,
    "dinero": 210,
    "rep": 0
  },
  {
    "id": "76549235691623@lid",
    "nombre": ".",
    "nivel": 1,
    "xp": 20,
    "rxp": 0,
    "dinero": 68,
    "rep": 0
  },
  {
    "id": "157471117156421@lid",
    "nombre": "Marty",
    "nivel": 1,
    "xp": 2,
    "rxp": 0,
    "dinero": 49,
    "rep": 0
  },
  {
    "id": "188660834123880@lid",
    "nombre": "Angel David",
    "nivel": 1,
    "xp": 75,
    "rxp": 0,
    "dinero": 82,
    "rep": 0
  },
  {
    "id": "279405238734867@lid",
    "nombre": "Filipenses 4: 8⚔️🛡️",
    "nivel": 1,
    "xp": 373,
    "rxp": 0,
    "dinero": 31,
    "rep": 0
  },
  {
    "id": "168796878848184@lid",
    "nombre": "🫧✨ Thiago 💫🎇",
    "nivel": 1,
    "xp": 270,
    "rxp": 0,
    "dinero": 35,
    "rep": 0
  },
  {
    "id": "124726437519523@lid",
    "nombre": "Naufra",
    "nivel": 1,
    "xp": 20,
    "rxp": 0,
    "dinero": 63,
    "rep": 0
  },
  {
    "id": "174019911372801@lid",
    "nombre": "game",
    "nivel": 1,
    "xp": 1,
    "rxp": 0,
    "dinero": 46,
    "rep": 0
  },
  {
    "id": "83468696473621@lid",
    "nombre": "Si",
    "nivel": 1,
    "xp": 17,
    "rxp": 0,
    "dinero": 34,
    "rep": 0
  },
  {
    "id": "250319804084229@lid",
    "nombre": "Naufra",
    "nivel": 1,
    "xp": 1,
    "rxp": 0,
    "dinero": 50,
    "rep": 0
  },
  {
    "id": "64992015548669@lid",
    "nombre": "naufrabot Asistencia",
    "nivel": 1,
    "xp": 3,
    "rxp": 0,
    "dinero": 48,
    "rep": 0
  },
  {
    "id": "95683382108269@lid",
    "nombre": "Sidnei",
    "nivel": 1,
    "xp": 1,
    "rxp": 0,
    "dinero": 50,
    "rep": 0
  },
  {
    "id": "177829396402359@lid",
    "nombre": "Artur Shelby",
    "nivel": 1,
    "xp": 1,
    "rxp": 0,
    "dinero": 50,
    "rep": 0
  }
]
