{
  "1": "🥊𝓡𝓸𝓸𝓴𝓲𝓮 Ⅰ🥊",
  "2": "🥊𝓡𝓸𝓸𝓴𝓲𝓮 Ⅱ🥊",
  "3": "🥊𝓡𝓸𝓸𝓴𝓲𝓮 Ⅲ🥊",
  "4": "🥊𝓡𝓸𝓸𝓴𝓲𝓮 Ⅳ🥊",
  "5": "🥊𝓡𝓸𝓸𝓴𝓲𝓮 Ⅴ🥊",
  "6": "🥉𝓑𝓻𝓸𝓷𝓬𝓮 Ⅰ🥉",
  "7": "🥉𝓑𝓻𝓸𝓷𝓬𝓮 Ⅱ🥉",
  "8": "🥉𝓑𝓻𝓸𝓷𝓬𝓮 Ⅲ🥉",
  "9": "🥉𝓑𝓻𝓸𝓷𝓬𝓮 Ⅳ🥉",
  "10": "🥉𝓑𝓻𝓸𝓷𝓬𝓮 Ⅴ🥉",
  "11": "🥈𝓟𝓵𝓪𝓽𝓪 Ⅰ🥈",
  "12": "🥈𝓟𝓵𝓪𝓽𝓪 Ⅱ🥈",
  "13": "🥈𝓟𝓵𝓪𝓽𝓪 Ⅲ🥈",
  "14": "🥈𝓟𝓵𝓪𝓽𝓪 Ⅳ🥈",
  "15": "🥈𝓟𝓵𝓪𝓽𝓪 Ⅴ🥈",
  "16": "🥇𝓞𝓻𝓸 Ⅰ🥇",
  "17": "🥇𝓞𝓻𝓸 Ⅱ🥇",
  "18": "🥇𝓞𝓻𝓸 Ⅲ🥇",
  "19": "🥇𝓞𝓻𝓸 Ⅳ🥇",
  "20": "🥇𝓞𝓻𝓸 Ⅴ🥇",
  "21": "🦾𝓟𝓵𝓪𝓽𝓲𝓷𝓸 Ⅰ🦾",
  "22": "🦾𝓟𝓵𝓪𝓽𝓲𝓷𝓸 Ⅱ🦾",
  "23": "🦾𝓟𝓵𝓪𝓽𝓲𝓷𝓸 Ⅲ🦾",
  "24": "🦾𝓟𝓵𝓪𝓽𝓲𝓷𝓸 Ⅳ🦾",
  "25": "🦾𝓟𝓵𝓪𝓽𝓲𝓷𝓸 Ⅴ🦾",
  "26": "💎𝓓𝓲𝓪𝓶𝓪𝓷𝓽𝓮 Ⅰ💎",
  "27": "💎𝓓𝓲𝓪𝓶𝓪𝓷𝓽𝓮 Ⅱ💎",
  "28": "💎𝓓𝓲𝓪𝓶𝓪𝓷𝓽𝓮 Ⅲ💎",
  "29": "💎𝓓𝓲𝓪𝓶𝓪𝓷𝓽𝓮 Ⅳ💎",
  "30": "💎𝓓𝓲𝓪𝓶𝓪𝓷𝓽𝓮 Ⅴ💎",
  "31": "🥋𝓜𝓪𝓮𝓼𝓽𝓻𝓸 Ⅰ🥋",
  "32": "🥋𝓜𝓪𝓮𝓼𝓽𝓻𝓸 Ⅱ🥋",
  "33": "🥋𝓜𝓪𝓮𝓼𝓽𝓻𝓸 Ⅲ🥋",
  "34": "🥋𝓜𝓪𝓮𝓼𝓽𝓻𝓸 Ⅳ🥋",
  "35": "🥋𝓜𝓪𝓮𝓼𝓽𝓻𝓸 Ⅴ🥋",
  "36": "⛩𝓖𝓻𝓪𝓷 𝓜𝓪𝓮𝓼𝓽𝓻𝓸 Ⅰ⛩",
  "37": "⛩𝓖𝓻𝓪𝓷 𝓜𝓪𝓮𝓼𝓽𝓻𝓸 Ⅱ⛩",
  "38": "⛩𝓖𝓻𝓪𝓷 𝓜𝓪𝓮𝓼𝓽𝓻𝓸 Ⅲ⛩",
  "39": "⛩𝓖𝓻𝓪𝓷 𝓜𝓪𝓮𝓼𝓽𝓻𝓸 Ⅳ⛩",
  "40": "⛩𝓖𝓻𝓪𝓷 𝓜𝓪𝓮𝓼𝓽𝓻𝓸 Ⅴ⛩",
  "41": "🐉𝓛𝓮𝔂𝓮𝓷𝓭𝓪 Ⅰ🐉",
  "42": "🐉𝓛𝓮𝔂𝓮𝓷𝓭𝓪 Ⅱ🐉",
  "43": "🐉𝓛𝓮𝔂𝓮𝓷𝓭𝓪 Ⅲ🐉",
  "44": "🐉𝓛𝓮𝔂𝓮𝓷𝓭𝓪 Ⅳ🐉",
  "45": "🐉𝓛𝓮𝔂𝓮𝓷𝓭𝓪 Ⅴ🐉",
  "100": "🥒𝓕𝓸𝓵𝓵𝓪𝓭𝓸𝓻 𝓛𝓮𝔂𝓮𝓷𝓭𝓪🥒"
}
